<?xml version="1.0" encoding="UTF-8"?>
<project-private xmlns="http://www.netbeans.org/ns/project-private/1">
    <editor-bookmarks xmlns="http://www.netbeans.org/ns/editor-bookmarks/2" lastBookmarkId="0"/>
    <open-files xmlns="http://www.netbeans.org/ns/projectui-open-files/2">
        <group>
            <file>file:/D:/Users/dell/eclipse-workspace/EmpMngmtByServlet/src/main/java/View.java</file>
            <file>file:/D:/Users/dell/eclipse-workspace/EmpMngmtByServlet/src/main/java/Delete.java</file>
            <file>file:/D:/Users/dell/eclipse-workspace/EmpMngmtByServlet/src/main/java/Edit.java</file>
            <file>file:/D:/Users/dell/eclipse-workspace/EmpMngmtByServlet/src/main/java/Edit2.java</file>
            <file>file:/D:/Users/dell/eclipse-workspace/EmpMngmtByServlet/src/main/java/Insert.java</file>
            <file>file:/D:/Users/dell/eclipse-workspace/EmpMngmtByServlet/src/main/webapp/index.html</file>
        </group>
    </open-files>
</project-private>
